{
    "Logistic Regression": {
        "accuracy": 0.9024390243902439,
        "precision": 0.8994308943089431,
        "recall": 0.9024390243902439,
        "f1": 0.9007165718069592,
        "confusion_matrix": [
            [
                116,
                2,
                0
            ],
            [
                4,
                18,
                5
            ],
            [
                0,
                5,
                14
            ]
        ]
    },
    "Random Forest": {
        "accuracy": 0.9390243902439024,
        "precision": 0.9378945480631277,
        "recall": 0.9390243902439024,
        "f1": 0.9381106100976976,
        "confusion_matrix": [
            [
                117,
                1,
                0
            ],
            [
                3,
                22,
                2
            ],
            [
                0,
                4,
                15
            ]
        ]
    },
    "SVM": {
        "accuracy": 0.7195121951219512,
        "precision": 0.5176977989292089,
        "recall": 0.7195121951219512,
        "f1": 0.602144957619789,
        "confusion_matrix": [
            [
                118,
                0,
                0
            ],
            [
                27,
                0,
                0
            ],
            [
                19,
                0,
                0
            ]
        ]
    },
    "XGBoost": {
        "accuracy": 0.9329268292682927,
        "precision": 0.9332121500081588,
        "recall": 0.9329268292682927,
        "f1": 0.9315758510772408,
        "confusion_matrix": [
            [
                117,
                1,
                0
            ],
            [
                4,
                22,
                1
            ],
            [
                0,
                5,
                14
            ]
        ]
    }
}