{
  "analysis_method": "KernelExplainer",
  "model_info": {
    "accuracy": 0.926829268292683,
    "n_train": 656,
    "n_test": 164,
    "n_features": 13,
    "n_classes": 3
  },
  "features_used": [
    "CDGLOBAL",
    "Age",
    "PTGENDER",
    "APGEN1",
    "APGEN2",
    "RCT392",
    "RCT6",
    "RCT20",
    "HMT3",
    "HMT40",
    "MH12RENA",
    "MH2NEURL",
    "MH16SMOK"
  ],
  "class_distribution": {
    "Normal": 592,
    "MCI": 133,
    "Alzheimer's": 95
  },
  "class_performance": {
    "Normal": {
      "precision": 0.9669421487603306,
      "recall": 0.9915254237288136,
      "f1_score": 0.9790794979079498,
      "support": 118
    },
    "MCI": {
      "precision": 0.7777777777777778,
      "recall": 0.7777777777777778,
      "f1_score": 0.7777777777777778,
      "support": 27
    },
    "Alzheimer's": {
      "precision": 0.875,
      "recall": 0.7368421052631579,
      "f1_score": 0.8,
      "support": 19
    }
  },
  "feature_importance": {
    "Normal": {
      "CDGLOBAL": 0.2947,
      "APGEN1": 0.0107,
      "RCT20": 0.0096,
      "HMT3": 0.0101,
      "MH2NEURL": 0.0006,
      "RCT6": 0.004,
      "Age": 0.0091,
      "RCT392": 0.0059,
      "HMT40": 0.0034,
      "PTGENDER": 0.0048,
      "MH16SMOK": 0.0086,
      "APGEN2": 0.0032,
      "MH12RENA": 0.0
    },
    "MCI": {
      "CDGLOBAL": 0.173,
      "APGEN1": 0.0016,
      "RCT20": 0.013,
      "HMT3": 0.0079,
      "MH2NEURL": 0.0027,
      "RCT6": 0.0045,
      "Age": 0.0095,
      "RCT392": 0.0086,
      "HMT40": 0.0057,
      "PTGENDER": 0.0028,
      "MH16SMOK": 0.0103,
      "APGEN2": 0.0022,
      "MH12RENA": 0.0
    },
    "Alzheimer's": {
      "CDGLOBAL": 0.1431,
      "APGEN1": 0.0118,
      "RCT20": 0.006,
      "HMT3": 0.0059,
      "MH2NEURL": 0.0036,
      "RCT6": 0.0035,
      "Age": 0.0033,
      "RCT392": 0.003,
      "HMT40": 0.003,
      "PTGENDER": 0.0022,
      "MH16SMOK": 0.0017,
      "APGEN2": 0.0008,
      "MH12RENA": 0.0
    }
  },
  "top_5_per_class": {
    "Normal": {
      "CDGLOBAL": 0.2947,
      "APGEN1": 0.0107,
      "RCT20": 0.0096,
      "HMT3": 0.0101,
      "MH2NEURL": 0.0006
    },
    "MCI": {
      "CDGLOBAL": 0.173,
      "APGEN1": 0.0016,
      "RCT20": 0.013,
      "HMT3": 0.0079,
      "MH2NEURL": 0.0027
    },
    "Alzheimer's": {
      "CDGLOBAL": 0.1431,
      "APGEN1": 0.0118,
      "RCT20": 0.006,
      "HMT3": 0.0059,
      "MH2NEURL": 0.0036
    }
  },
  "top_3_ad_features": {
    "features": [
      "CDGLOBAL",
      "APGEN1",
      "RCT20"
    ],
    "importance": [
      0.14312066116904287,
      0.011767802853034973,
      0.0059917194955234196
    ]
  }
}